iter	Logloss
0	0.4992556992
1	0.437492052
2	0.4129323722
3	0.4029365879
4	0.3961138636
5	0.3938905093
6	0.3916713809
7	0.3913890823
8	0.3906363819
9	0.3905806595
10	0.3900033785
11	0.3899451045
12	0.3892350108
13	0.3888955149
14	0.3882170999
15	0.3881285745
16	0.3877981698
17	0.3873288681
18	0.386815603
19	0.3862744159
